{
	"resources": [
		{
			"asset_id": "6b347eb7dd6cd07f09634a0d30799b5d",
			"public_id": "samples/landscapes/landscape-panorama",
			"format": "jpg",
			"version": 1621495552,
			"resource_type": "image",
			"type": "upload",
			"created_at": "2021-05-20T07:25:52Z",
			"bytes": 7858062,
			"width": 10906,
			"height": 2349,
			"url": "http://res.cloudinary.com/dinj8wifc/image/upload/v1621495552/samples/landscapes/landscape-panorama.jpg",
			"secure_url": "https://res.cloudinary.com/dinj8wifc/image/upload/v1621495552/samples/landscapes/landscape-panorama.jpg"
		},
		{
			"asset_id": "edf5582792fd06ffe30dfb0e4539018b",
			"public_id": "samples/animals/kitten-playing",
			"format": "gif",
			"version": 1621495551,
			"resource_type": "image",
			"type": "upload",
			"created_at": "2021-05-20T07:25:51Z",
			"bytes": 6620002,
			"width": 320,
			"height": 180,
			"url": "http://res.cloudinary.com/dinj8wifc/image/upload/v1621495551/samples/animals/kitten-playing.gif",
			"secure_url": "https://res.cloudinary.com/dinj8wifc/image/upload/v1621495551/samples/animals/kitten-playing.gif"
		},
		{
			"asset_id": "8524cb72e6ae37afd8b245771a070f76",
			"public_id": "samples/landscapes/nature-mountains",
			"format": "jpg",
			"version": 1621495550,
			"resource_type": "image",
			"type": "upload",
			"created_at": "2021-05-20T07:25:50Z",
			"bytes": 3171453,
			"width": 3000,
			"height": 2000,
			"url": "http://res.cloudinary.com/dinj8wifc/image/upload/v1621495550/samples/landscapes/nature-mountains.jpg",
			"secure_url": "https://res.cloudinary.com/dinj8wifc/image/upload/v1621495550/samples/landscapes/nature-mountains.jpg"
		},
		{
			"asset_id": "b97faa20fecf3ceb939a7025a730e4a9",
			"public_id": "samples/cloudinary-group",
			"format": "jpg",
			"version": 1621495550,
			"resource_type": "image",
			"type": "upload",
			"created_at": "2021-05-20T07:25:50Z",
			"bytes": 2856169,
			"width": 3000,
			"height": 1526,
			"url": "http://res.cloudinary.com/dinj8wifc/image/upload/v1621495550/samples/cloudinary-group.jpg",
			"secure_url": "https://res.cloudinary.com/dinj8wifc/image/upload/v1621495550/samples/cloudinary-group.jpg"
		},
		{
			"asset_id": "9af0ed93ad61a835076b69271b6ef474",
			"public_id": "samples/food/spices",
			"format": "jpg",
			"version": 1621495549,
			"resource_type": "image",
			"type": "upload",
			"created_at": "2021-05-20T07:25:49Z",
			"bytes": 2129950,
			"width": 2000,
			"height": 2000,
			"url": "http://res.cloudinary.com/dinj8wifc/image/upload/v1621495549/samples/food/spices.jpg",
			"secure_url": "https://res.cloudinary.com/dinj8wifc/image/upload/v1621495549/samples/food/spices.jpg"
		},
		{
			"asset_id": "bf0da65d6b913bdf8704aa7fb83cb2d6",
			"public_id": "samples/imagecon-group",
			"format": "jpg",
			"version": 1621495549,
			"resource_type": "image",
			"type": "upload",
			"created_at": "2021-05-20T07:25:49Z",
			"bytes": 1487070,
			"width": 2800,
			"height": 1867,
			"url": "http://res.cloudinary.com/dinj8wifc/image/upload/v1621495549/samples/imagecon-group.jpg",
			"secure_url": "https://res.cloudinary.com/dinj8wifc/image/upload/v1621495549/samples/imagecon-group.jpg"
		},
		{
			"asset_id": "11151be0246cc4af53eda54a325c4b0d",
			"public_id": "samples/ecommerce/accessories-bag",
			"format": "jpg",
			"version": 1621495548,
			"resource_type": "image",
			"type": "upload",
			"created_at": "2021-05-20T07:25:48Z",
			"bytes": 1459256,
			"width": 3000,
			"height": 2000,
			"url": "http://res.cloudinary.com/dinj8wifc/image/upload/v1621495548/samples/ecommerce/accessories-bag.jpg",
			"secure_url": "https://res.cloudinary.com/dinj8wifc/image/upload/v1621495548/samples/ecommerce/accessories-bag.jpg"
		},
		{
			"asset_id": "808a704ac2f88c5accae15f617027b3f",
			"public_id": "samples/ecommerce/leather-bag-gray",
			"format": "jpg",
			"version": 1621495548,
			"resource_type": "image",
			"type": "upload",
			"created_at": "2021-05-20T07:25:48Z",
			"bytes": 1323582,
			"width": 2385,
			"height": 1590,
			"url": "http://res.cloudinary.com/dinj8wifc/image/upload/v1621495548/samples/ecommerce/leather-bag-gray.jpg",
			"secure_url": "https://res.cloudinary.com/dinj8wifc/image/upload/v1621495548/samples/ecommerce/leather-bag-gray.jpg"
		},
		{
			"asset_id": "0ba2d85e16aac700ba5fe68c87d40f10",
			"public_id": "samples/ecommerce/car-interior-design",
			"format": "jpg",
			"version": 1621495548,
			"resource_type": "image",
			"type": "upload",
			"created_at": "2021-05-20T07:25:48Z",
			"bytes": 1254103,
			"width": 2000,
			"height": 2667,
			"url": "http://res.cloudinary.com/dinj8wifc/image/upload/v1621495548/samples/ecommerce/car-interior-design.jpg",
			"secure_url": "https://res.cloudinary.com/dinj8wifc/image/upload/v1621495548/samples/ecommerce/car-interior-design.jpg"
		},
		{
			"asset_id": "b8dfa4686159883137ff8148dcd1348d",
			"public_id": "samples/landscapes/beach-boat",
			"format": "jpg",
			"version": 1621495547,
			"resource_type": "image",
			"type": "upload",
			"created_at": "2021-05-20T07:25:47Z",
			"bytes": 1235823,
			"width": 2600,
			"height": 1950,
			"url": "http://res.cloudinary.com/dinj8wifc/image/upload/v1621495547/samples/landscapes/beach-boat.jpg",
			"secure_url": "https://res.cloudinary.com/dinj8wifc/image/upload/v1621495547/samples/landscapes/beach-boat.jpg"
		}
	],
	"next_cursor": "1f32f70208de32e391d97d0703f756bf1e143b71a3119803e20e8f4761780be5"
}
